text,topic,URL
Số tiền vay tiêu dùng có tài sản bảo đảm tối đa tại Techcombank là bao nhiêu?,LOAN,https://techcombank.com/khach-hang-ca-nhan/vay/vay-tieu-dung/vay-tieu-dung-the-chap-linh-hoat
Khoản vay tiêu dùng có tài sản bảo đảm tại Techcombank có được trả trước hạn không?,LOAN,https://techcombank.com/khach-hang-ca-nhan/vay/vay-tieu-dung/vay-tieu-dung-the-chap-linh-hoat
Quy trình đăng ký vay tiêu dùng có tài sản bảo đảm tại Techcombank gồm những bước nào?,LOAN,https://techcombank.com/khach-hang-ca-nhan/vay/vay-tieu-dung/vay-tieu-dung-the-chap-linh-hoat
"Khi vay mua ô tô tại Techcombank, khách hàng có bắt buộc mua bảo hiểm cho xe không?",LOAN,https://techcombank.com/khach-hang-ca-nhan/vay/vay-mua-o-to
Bảo hiểm cho ô tô đang thế chấp tại Techcombank được tái tục như thế nào?,LOAN,https://techcombank.com/khach-hang-ca-nhan/vay/vay-mua-o-to
"Khi vay mua căn hộ tại Techcombank, tài sản bảo đảm có cần mua bảo hiểm không?",LOAN,https://techcombank.com/khach-hang-ca-nhan/vay/vay-mua-nha/vay-mua-nha-o
Tài khoản thấu chi MyCash của Techcombank là gì?,LOAN,https://techcombank.com/khach-hang-ca-nhan/vay/vay-tieu-dung/mycash
Vốn kinh doanh thường xuyên tại MSB được hiểu là gì?,LOAN,https://www.msb.com.vn/khach-hang-ca-nhan/vay/
Vay kinh doanh theo hạn mức tại MSB là gì?,LOAN,https://www.msb.com.vn/khach-hang-ca-nhan/vay/
Vay kinh doanh từng lần tại MSB là gì?,LOAN,https://www.msb.com.vn/khach-hang-ca-nhan/vay/
Thời hạn tối đa của một khoản vay MSB là bao lâu?,LOAN,https://www.msb.com.vn/msb_faq/thoi-han-cua-khoan-vay-la-bao-lau/
Khách hàng MSB có thể trả nợ trước hạn hay không và có mất phí không?,LOAN,https://www.msb.com.vn/msb_faq/toi-co-the-tra-no-khoan-vay-truoc-han-khong-neu-no-truoc-han-toi-co-bi-tinh-phi-khong/
"Sau khi MSB giải ngân, khách hàng có thể theo dõi khoản vay ở đâu?",LOAN,https://www.msb.com.vn/msb_faq/sau-khi-msb-giai-ngan-khach-hang-theo-doi-khoan-vay-o-dau/
MSB có những hình thức cho vay bổ sung vốn lưu động nào?,LOAN,https://www.msb.com.vn/msb_faq/msb-cho-vay-bo-sung-von-luu-dong-theo-nhung-hinh-thuc-nao/
"Ngoài khoản vay không tài sản bảo đảm, doanh nghiệp có thể vay MSB bằng tài sản bảo đảm không?",LOAN,https://www.msb.com.vn/msb_faq/ngoai-tai-tro-khong-tai-san-bao-dam-toi-co-the-vay-dua-tren-tai-san-bao-dam-khong-2/
Vay thấu chi bằng sổ tiết kiệm là hình thức vay như thế nào?,LOAN,https://www.msb.com.vn/ve-chung-toi/tin-tuc-va-su-kien/kien-thuc-xu-huong/co-duoc-vay-thau-chi-bang-so-tiet-kiem-hay-khong/
Có thể dùng sổ tiết kiệm làm tài sản bảo đảm cho khoản vay thấu chi không?,LOAN,https://www.msb.com.vn/ve-chung-toi/tin-tuc-va-su-kien/kien-thuc-xu-huong/co-duoc-vay-thau-chi-bang-so-tiet-kiem-hay-khong/
"Khi vay ngân hàng, khách hàng thường cần chuẩn bị những loại hồ sơ nào?",LOAN,https://www.msb.com.vn/ve-chung-toi/tin-tuc-va-su-kien/kien-thuc-xu-huong/quy-trinh-thu-tuc-va-dieu-kien-vay-von-ngan-hang-msb/
Vay tín chấp và vay thế chấp khác nhau như thế nào?,LOAN,https://www.msb.com.vn/ve-chung-toi/tin-tuc-va-su-kien/kien-thuc-xu-huong/quy-trinh-thu-tuc-va-dieu-kien-vay-von-ngan-hang-msb/
Điều kiện cơ bản để được ngân hàng xét duyệt khoản vay là gì?,LOAN,https://www.msb.com.vn/ve-chung-toi/tin-tuc-va-su-kien/kien-thuc-xu-huong/quy-trinh-thu-tuc-va-dieu-kien-vay-von-ngan-hang-msb/
Vay tín chấp tại VPBank là gì?,LOAN,https://vayonline.vpbank.com.vn/
Vay tín chấp VPBank có cần tài sản thế chấp không?,LOAN,https://vayonline.vpbank.com.vn/
Kỳ hạn vay tín chấp online tại VPBank có thể kéo dài tối đa bao lâu?,LOAN,https://vayonline.vpbank.com.vn/
Lãi suất ưu đãi và lãi suất sau ưu đãi của khoản vay khác nhau ở điểm nào?,LOAN,https://www.vib.com.vn/vn/cam-nang/vay/vay-the-chap/mot-so-cau-hoi-ve-lai-suat
Có nên chọn kỳ hạn vay dài để giảm số tiền phải trả mỗi tháng không?,LOAN,https://www.vib.com.vn/vn/cam-nang/vay/vay-the-chap/mot-so-cau-hoi-ve-lai-suat
Techcombank có hỗ trợ gửi tiết kiệm bằng ngoại tệ không?,SAVING,https://techcombank.com/khach-hang-ca-nhan/tiet-kiem
Làm thế nào để kiểm tra số dư tài khoản tiết kiệm tại Techcombank?,SAVING,https://techcombank.com/khach-hang-ca-nhan/tiet-kiem
Số tiền tối thiểu để mở tài khoản tiết kiệm tại Techcombank là bao nhiêu?,SAVING,https://techcombank.com/khach-hang-ca-nhan/tiet-kiem
Tiết kiệm thường và tiết kiệm linh hoạt của Techcombank khác nhau như thế nào?,SAVING,https://techcombank.com/khach-hang-ca-nhan/tiet-kiem/tiet-kiem-linh-hoat
Có thể gửi thêm tiền vào khoản Tiền gửi rút gốc linh hoạt của Techcombank không?,SAVING,https://techcombank.com/khach-hang-ca-nhan/tiet-kiem/tiet-kiem-linh-hoat/tien-gui-rut-goc-linh-hoat
Những khách hàng nào được mở Tiền gửi có kỳ hạn online tại Techcombank?,SAVING,https://techcombank.com/khach-hang-ca-nhan/tiet-kiem/tien-gui-tiet-kiem-co-ky-han
Doanh nghiệp có những hình thức gửi tiền nào tại ACB?,SAVING,https://acb.com.vn/thu-vien/cac-cau-hoi-thuong-gap-khi-doanh-nghiep-gui-tien-co-ky-han
Tiền gửi có kỳ hạn và tiền gửi không kỳ hạn của doanh nghiệp khác nhau ra sao?,SAVING,https://acb.com.vn/thu-vien/cac-cau-hoi-thuong-gap-khi-doanh-nghiep-gui-tien-co-ky-han
Doanh nghiệp có thể rút tiền trước hạn đối với khoản tiền gửi có kỳ hạn không?,SAVING,https://acb.com.vn/thu-vien/cac-cau-hoi-thuong-gap-khi-doanh-nghiep-gui-tien-co-ky-han
Tiết kiệm online là gì và khác gì so với gửi tại quầy?,SAVING,https://www.msb.com.vn/ve-chung-toi/tin-tuc-va-su-kien/kien-thuc-xu-huong/so-tiet-kiem-online-la-gi-uu-dai-gui-truc-tuyen-msb/
Mở sổ tiết kiệm online MSB có cần đến quầy giao dịch không?,SAVING,https://www.msb.com.vn/ve-chung-toi/tin-tuc-va-su-kien/kien-thuc-xu-huong/so-tiet-kiem-online-la-gi-uu-dai-gui-truc-tuyen-msb/
Số tiền tối thiểu để gửi tiết kiệm online tại MSB là bao nhiêu?,SAVING,https://www.msb.com.vn/ve-chung-toi/tin-tuc-va-su-kien/kien-thuc-xu-huong/so-tiet-kiem-online-la-gi-uu-dai-gui-truc-tuyen-msb/
MSB có những kỳ hạn gửi tiết kiệm online nào?,SAVING,https://www.msb.com.vn/ve-chung-toi/tin-tuc-va-su-kien/kien-thuc-xu-huong/so-tiet-kiem-online-la-gi-uu-dai-gui-truc-tuyen-msb/
Khách hàng có thể rút tiền trước hạn nhiều lần khi gửi tiết kiệm MSB không?,SAVING,https://www.msb.com.vn/khach-hang-ca-nhan/tiet-kiem/tiet-kiem-tra-lai-ngay/
Khách hàng có thể ủy quyền cho người khác tất toán sổ tiết kiệm MSB không?,SAVING,https://www.msb.com.vn/khach-hang-ca-nhan/tiet-kiem/tiet-kiem-lai-suat-cao-nhat/
Có thể chọn sổ tiết kiệm trực tuyến MSB để tăng lớp bảo mật không?,SAVING,https://www.msb.com.vn/khach-hang-ca-nhan/tiet-kiem/tiet-kiem-rut-goc-tung-phan/
Tiết kiệm trả lãi ngay của MSB hoạt động như thế nào?,SAVING,https://www.msb.com.vn/khach-hang-ca-nhan/tiet-kiem/tiet-kiem-tra-lai-ngay/
"Khi gửi tiết kiệm trả lãi ngay, tiền lãi được nhận vào thời điểm nào?",SAVING,https://www.msb.com.vn/khach-hang-ca-nhan/tiet-kiem/tiet-kiem-tra-lai-ngay/
"Nếu rút trước hạn sản phẩm tiết kiệm trả lãi ngay, khách hàng được hưởng lãi thế nào?",SAVING,https://www.msb.com.vn/khach-hang-ca-nhan/tiet-kiem/tiet-kiem-tra-lai-ngay/
Tiết kiệm có kỳ hạn và tiết kiệm không kỳ hạn khác nhau như thế nào?,SAVING,https://www.msb.com.vn/ve-chung-toi/tin-tuc-va-su-kien/kien-thuc-xu-huong/cac-loai-tiet-kiem-pho-bien-va-cach-chon-phu-hop/
Tiết kiệm gửi góp phù hợp với nhu cầu tài chính nào?,SAVING,https://www.msb.com.vn/ve-chung-toi/tin-tuc-va-su-kien/kien-thuc-xu-huong/cac-loai-tiet-kiem-pho-bien-va-cach-chon-phu-hop/
Tiết kiệm rút gốc từng phần có ưu điểm gì?,SAVING,https://www.msb.com.vn/ve-chung-toi/tin-tuc-va-su-kien/kien-thuc-xu-huong/cac-loai-tiet-kiem-pho-bien-va-cach-chon-phu-hop/
Gửi tiết kiệm online và gửi tại quầy có phải là hai loại tiết kiệm khác nhau không?,SAVING,https://www.msb.com.vn/ve-chung-toi/tin-tuc-va-su-kien/kien-thuc-xu-huong/cac-loai-tiet-kiem-pho-bien-va-cach-chon-phu-hop/
"Khi mở sổ tiết kiệm online MSB, khách hàng thực hiện những bước nào?",SAVING,https://www.msb.com.vn/ve-chung-toi/tin-tuc-va-su-kien/kien-thuc-xu-huong/huong-dan-mo-so-tiet-kiem-online-msb/
Khách hàng nên chọn loại tiết kiệm nào nếu cần linh hoạt rút một phần tiền?,SAVING,https://www.msb.com.vn/ve-chung-toi/tin-tuc-va-su-kien/kien-thuc-xu-huong/cac-loai-tiet-kiem-pho-bien-va-cach-chon-phu-hop/
Lãi suất gửi tiết kiệm là gì?,INTEREST_RATE,https://acb.com.vn/thu-vien/giai-dap-cac-cau-hoi-thuong-gap-ve-lai-suat-tiet-kiem-cho-nguoi-moi
Lãi suất tiết kiệm có kỳ hạn là gì?,INTEREST_RATE,https://acb.com.vn/thu-vien/giai-dap-cac-cau-hoi-thuong-gap-ve-lai-suat-tiet-kiem-cho-nguoi-moi
Lãi suất tiết kiệm không kỳ hạn được hiểu như thế nào?,INTEREST_RATE,https://acb.com.vn/thu-vien/giai-dap-cac-cau-hoi-thuong-gap-ve-lai-suat-tiet-kiem-cho-nguoi-moi
Những yếu tố nào thường ảnh hưởng đến lãi suất tiết kiệm?,INTEREST_RATE,https://acb.com.vn/thu-vien/giai-dap-cac-cau-hoi-thuong-gap-ve-lai-suat-tiet-kiem-cho-nguoi-moi
Cách tính tiền lãi gửi tiết kiệm chính xác như thế nào?,INTEREST_RATE,https://acb.com.vn/thu-vien/giai-dap-cac-cau-hoi-thuong-gap-ve-lai-suat-tiet-kiem-cho-nguoi-moi
Lãi suất tiền gửi doanh nghiệp tại ACB được tính theo công thức nào?,INTEREST_RATE,https://acb.com.vn/thu-vien/cac-cau-hoi-thuong-gap-khi-doanh-nghiep-gui-tien-co-ky-han
Lãi suất áp dụng cho khoản tiền gửi có kỳ hạn của doanh nghiệp được xác định vào thời điểm nào?,INTEREST_RATE,https://acb.com.vn/thu-vien/cac-cau-hoi-thuong-gap-khi-doanh-nghiep-gui-tien-co-ky-han
Lãi suất vay là gì?,INTEREST_RATE,https://www.vib.com.vn/vn/cam-nang/vay/vay-the-chap/mot-so-cau-hoi-ve-lai-suat
Lãi suất ưu đãi của khoản vay là gì?,INTEREST_RATE,https://www.vib.com.vn/vn/cam-nang/vay/vay-the-chap/mot-so-cau-hoi-ve-lai-suat
Lãi suất sau ưu đãi của khoản vay được xác định như thế nào?,INTEREST_RATE,https://www.vib.com.vn/vn/cam-nang/vay/vay-the-chap/mot-so-cau-hoi-ve-lai-suat
Làm thế nào để khách hàng có cơ hội được hưởng lãi suất vay ưu đãi?,INTEREST_RATE,https://www.vib.com.vn/vn/cam-nang/vay/vay-the-chap/mot-so-cau-hoi-ve-lai-suat
"Khi lãi suất thay đổi, số tiền phải trả của khoản vay có bị ảnh hưởng không?",INTEREST_RATE,https://www.vib.com.vn/vn/cam-nang/vay/vay-the-chap/mot-so-cau-hoi-ve-lai-suat
Chọn kỳ hạn vay dài có làm tổng tiền lãi phải trả tăng lên không?,INTEREST_RATE,https://www.vib.com.vn/vn/cam-nang/vay/vay-the-chap/mot-so-cau-hoi-ve-lai-suat
Techcombank đang công bố lãi suất tiết kiệm ở đâu?,INTEREST_RATE,https://techcombank.com/khach-hang-ca-nhan/tiet-kiem
Lãi suất gửi tiết kiệm Techcombank hiện được tra cứu như thế nào?,INTEREST_RATE,https://techcombank.com/khach-hang-ca-nhan/tiet-kiem
"Ngoài lãi suất niêm yết, Techcombank có chính sách cộng thêm lãi suất không?",INTEREST_RATE,https://techcombank.com/khach-hang-ca-nhan/tiet-kiem
Lãi suất vay ngân hàng thường được tính theo dư nợ giảm dần như thế nào?,INTEREST_RATE,https://techcombank.com/thong-tin/blog/lai-suat-vay-ngan-hang
Lãi suất vay ngân hàng có thể được tính theo dư nợ ban đầu như thế nào?,INTEREST_RATE,https://techcombank.com/thong-tin/blog/lai-suat-vay-ngan-hang
Những yếu tố nào có thể làm mức lãi suất vay tiêu dùng thay đổi?,INTEREST_RATE,https://techcombank.com/thong-tin/blog/lai-suat-vay-tieu-dung
Lãi suất vay tiêu dùng tín chấp và thế chấp thường khác nhau ra sao?,INTEREST_RATE,https://techcombank.com/thong-tin/blog/lai-suat-vay-tieu-dung
Lãi suất tiết kiệm có kỳ hạn dành cho khách hàng ưu tiên MSB có gì khác?,INTEREST_RATE,https://www.msb.com.vn/msb_faq/lai-suat-tiet-kiem-co-ky-han-danh-cho-khach-hang-uu-tien-tai-msb/
Lãi suất tiền gửi không kỳ hạn dành cho khách hàng ưu tiên MSB được áp dụng thế nào?,INTEREST_RATE,https://www.msb.com.vn/msb_faq/lai-suat-tien-gui-khong-ky-han/
Lãi suất thẻ tín dụng MSB phát sinh trong trường hợp nào?,INTEREST_RATE,https://www.msb.com.vn/msb_faq/lai-suat-the-tin-dung-msb-duoc-ap-dung-nhu-the-nao/
Lãi suất thẻ VPBank UnionPay FreeWays là bao nhiêu?,INTEREST_RATE,https://www.vpbank.com.vn/i/the-unionpay
Lãi suất thẻ VPBank S Rewards Mastercard được tính như thế nào?,INTEREST_RATE,https://www.vpbank.com.vn/i/the-shopee
Khách hàng gửi tiết kiệm Techcombank có thể nhận những ưu đãi nào?,PROMOTION,https://techcombank.com/khach-hang-ca-nhan/tiet-kiem
Techcombank có chương trình cộng thêm lãi suất ngoài mức niêm yết không?,PROMOTION,https://techcombank.com/khach-hang-ca-nhan/tiet-kiem
Ưu đãi cho khoản tiền gửi đầu tiên tại Techcombank được áp dụng như thế nào?,PROMOTION,https://techcombank.com/khach-hang-ca-nhan/tiet-kiem
Chương trình Inspire Day của Techcombank có ưu đãi gì cho tiền gửi mới?,PROMOTION,https://techcombank.com/khach-hang-ca-nhan/tiet-kiem
Tuần lễ PnP của Techcombank có ưu đãi gì cho khách hàng Priority hoặc Private?,PROMOTION,https://techcombank.com/khach-hang-ca-nhan/tiet-kiem
Happy Monday của Techcombank có ưu đãi gì cho khoản tiền gửi mở mới?,PROMOTION,https://techcombank.com/khach-hang-ca-nhan/tiet-kiem
Những phương thức thanh toán nào được tính là hợp lệ trong chương trình ưu đãi tài khoản mới của Techcombank?,PROMOTION,https://techcombank.com/khach-hang-ca-nhan/dac-quyen-tai-khoan-moi-va-chi-tieu
Chương trình ưu đãi tài khoản mới của Techcombank áp dụng trong phạm vi nào?,PROMOTION,https://techcombank.com/khach-hang-ca-nhan/dac-quyen-tai-khoan-moi-va-chi-tieu
Chủ thẻ tín dụng MSB được hưởng những loại ưu đãi nào?,PROMOTION,https://www.msb.com.vn/msb_faq/chu-the-tin-dung-msb-duoc-huong-nhung-uu-dai-gi/
Khách hàng có thể xem các chương trình ưu đãi thẻ tín dụng MSB ở đâu?,PROMOTION,https://www.msb.com.vn/msb_faq/toi-co-the-xem-cac-chuong-trinh-uu-dai-the-tin-dung-msb-o-dau/
Điểm M-Point của MSB có thể dùng để đổi những loại ưu đãi nào?,PROMOTION,https://www.msb.com.vn/msb_faq/cac-cach-thuc-su-dung-diem-m-point/
Khách hàng MSB có thể sử dụng voucher đổi từ M-Point như thế nào?,PROMOTION,https://www.msb.com.vn/msb_faq/cac-cach-thuc-su-dung-diem-m-point/
"Trong chương trình kỷ niệm 35 năm, MSB có những ưu đãi nào dành cho khách hàng?",PROMOTION,https://www.msb.com.vn/msb_faq/trong-dip-ky-niem-35-nam-nay-khach-hang-se-nhan-duoc-nhung-gia-tri-hay-chuong-trinh-uu-dai-thiet-thuc-nao/
Khách hàng có thể theo dõi các khuyến mãi đang diễn ra của MSB ở đâu?,PROMOTION,https://www.msb.com.vn/ve-chung-toi/tin-tuc-va-su-kien/uu-dai/
"Khi dùng thẻ VPBank MWG, bao giờ khách hàng nhận được tiền hoàn từ chi tiêu?",PROMOTION,https://www.vpbank.com.vn/i/the-mwg
Khách hàng dùng thẻ VPBank MWG nhận và sử dụng tiền hoàn như thế nào?,PROMOTION,https://www.vpbank.com.vn/i/the-mwg
Khách hàng dùng thẻ VPBank YOJO nhận điểm SkyPoint từ chi tiêu sau bao lâu?,PROMOTION,https://www.vpbank.com.vn/i/the-vietjet
Điểm thưởng của thẻ VPBank YOJO được đổi như thế nào?,PROMOTION,https://www.vpbank.com.vn/i/the-vietjet
Có thể xem toàn bộ ưu đãi dành cho thẻ VPBank YOJO ở đâu?,PROMOTION,https://www.vpbank.com.vn/i/the-vietjet
Khách hàng mở mới thẻ VPBank UnionPay FreeWays có ưu đãi hoàn tiền nào?,PROMOTION,https://www.vpbank.com.vn/i/the-unionpay
Bao giờ chủ thẻ VPBank UnionPay FreeWays nhận được tiền hoàn cho giao dịch đủ điều kiện?,PROMOTION,https://www.vpbank.com.vn/i/the-unionpay
Điều kiện nhận thiết kế thẻ giới hạn và quà tặng T1 của VPBank GameON là gì?,PROMOTION,https://www.vpbank.com.vn/i/the-gameon
Chương trình khuyến mãi thẻ OCB hiện có những ưu đãi mua sắm nào?,PROMOTION,https://ocb.com.vn/vi/ca-nhan/the/chuong-trinh-khuyen-mai
Ưu đãi tại các đối tác liên kết của OCB được áp dụng cho những loại thẻ nào?,PROMOTION,https://www.ocb.com.vn/vi/ca-nhan/the/uu-dai-tai-doi-tac-lien-ket/
OMNI Coins của OCB có thể dùng để đổi những loại quà tặng hoặc ưu đãi nào?,PROMOTION,https://webocb-api.ocb.com.vn/Resources/Files/20240813150614_cau-hoi-thuong-gap-omni-rewards.pdf
